method,threshold,n_snapshots,precision,recall,f1,pr_auc,brier_score,scope
Risk HGB v2 Stack,0.29,106,0.6785714285714286,0.7755102040816326,0.7238095238095238,0.8031639030860261,0.1774969230597979,ALL
Risk HGB v2 Stack,0.29,36,0.6666666666666666,0.7058823529411765,0.6857142857142857,0.7430570863831523,0.21029822047650906,ORIGIN_DEPARTED
Risk HGB v2 Stack,0.29,34,0.55,0.7333333333333333,0.6285714285714286,0.7201360145067239,0.2138196479007851,PORT_ARRIVED
Risk HGB v2 Stack,0.29,36,0.8333333333333334,0.8823529411764706,0.8571428571428571,0.9035464126332188,0.11039082995993214,CUSTOMS_CLEARED
