bin,n,mean_predicted_probability,observed_material_delay_rate
"(-0.001, 0.2]",26,0.1286731170545696,0.07692307692307693
"(0.2, 0.4]",25,0.2959623093748428,0.24
"(0.4, 0.6]",10,0.49014109917715604,0.3
"(0.6, 0.8]",26,0.7028315334949071,0.6538461538461539
"(0.8, 1.0]",22,0.8493107785468418,0.6818181818181818
