method,threshold,n_snapshots,precision,recall,f1,pr_auc,brier_score,scope
Risk HGB v2 Stack,0.29,109,0.5416666666666666,0.9069767441860465,0.6782608695652174,0.6591378911005419,0.18154642003212323,ALL
Risk HGB v2 Stack,0.29,36,0.5416666666666666,0.9285714285714286,0.6842105263157895,0.5652842282820361,0.21868755442201898,ORIGIN_DEPARTED
Risk HGB v2 Stack,0.29,36,0.48,0.8571428571428571,0.6153846153846154,0.6254902835259978,0.19389925072804937,PORT_ARRIVED
Risk HGB v2 Stack,0.29,37,0.6086956521739131,0.9333333333333333,0.7368421052631579,0.8146007696007695,0.13339012967835062,CUSTOMS_CLEARED
